datetime,random_number
2025-05-11 12:58:04,62
2025-05-11 12:58:04,11
2025-05-11 12:58:04,47
2025-05-11 12:58:04,49
2025-05-11 12:58:04,3
2025-05-11 12:58:04,2
2025-05-11 12:58:04,36
2025-05-11 12:58:04,43
2025-05-11 12:58:04,96
2025-05-11 12:58:04,58
2025-05-11 12:58:04,95
2025-05-11 12:58:04,96
2025-05-11 12:58:04,21
2025-05-11 12:58:04,79
2025-05-11 12:58:04,37
2025-05-11 12:58:04,39
2025-05-11 12:58:04,28
2025-05-11 12:58:04,35
2025-05-11 12:58:04,5
2025-05-11 12:58:04,90
2025-05-11 12:58:04,48
2025-05-11 12:58:04,1
2025-05-11 12:58:04,36
2025-05-11 12:58:04,99
2025-05-11 12:58:04,28
2025-05-11 12:58:04,77
2025-05-11 12:58:04,82
2025-05-11 12:58:04,78
2025-05-11 12:58:04,27
2025-05-11 12:58:04,38
2025-05-11 12:58:04,40
2025-05-11 12:58:04,100
2025-05-11 12:58:04,21
2025-05-11 12:58:04,8
2025-05-11 12:58:04,18
2025-05-11 12:58:04,32
2025-05-11 12:58:04,73
2025-05-11 12:58:04,2
2025-05-11 12:58:04,31
2025-05-11 12:58:04,96
2025-05-11 12:58:04,85
2025-05-11 12:58:04,30
2025-05-11 12:58:04,67
2025-05-11 12:58:04,64
2025-05-11 12:58:04,27
2025-05-11 12:58:04,68
2025-05-11 12:58:04,64
2025-05-11 12:58:04,9
2025-05-11 12:58:04,47
2025-05-11 12:58:04,100
2025-05-11 12:58:04,50
2025-05-11 12:58:04,89
2025-05-11 12:58:04,60
2025-05-11 12:58:04,93
2025-05-11 12:58:04,23
2025-05-11 12:58:04,80
2025-05-11 12:58:04,94
2025-05-11 12:58:04,37
2025-05-11 12:58:04,73
2025-05-11 12:58:04,56
2025-05-11 12:58:04,54
2025-05-11 12:58:04,20
2025-05-11 12:58:04,99
2025-05-11 12:58:04,34
2025-05-11 12:58:04,84
2025-05-11 12:58:04,14
2025-05-11 12:58:04,32
2025-05-11 12:58:04,56
2025-05-11 12:58:04,23
2025-05-11 12:58:04,34
2025-05-11 12:58:04,52
2025-05-11 12:58:04,70
2025-05-11 12:58:04,4
2025-05-11 12:58:04,69
2025-05-11 12:58:04,58
2025-05-11 12:58:04,7
2025-05-11 12:58:04,36
2025-05-11 12:58:04,96
2025-05-11 12:58:04,33
2025-05-11 12:58:04,89
2025-05-11 12:58:04,77
2025-05-11 12:58:04,66
2025-05-11 12:58:04,41
2025-05-11 12:58:04,90
2025-05-11 12:58:04,1
2025-05-11 12:58:04,53
2025-05-11 12:58:04,27
2025-05-11 12:58:04,8
2025-05-11 12:58:04,100
2025-05-11 12:58:04,80
2025-05-11 12:58:04,16
2025-05-11 12:58:04,48
2025-05-11 12:58:04,43
2025-05-11 12:58:04,9
2025-05-11 12:58:04,19
2025-05-11 12:58:04,17
2025-05-11 12:58:04,85
2025-05-11 12:58:04,35
2025-05-11 12:58:04,90
2025-05-11 12:58:04,1
